Program,Year,Period,Week Ending,Geo Level,State,State ANSI,Ag District,Ag District Code,County,County ANSI,Zip Code,Region,watershed_code,Watershed,Commodity,Data Item,Domain,Domain Category,Value,CV (%)
CENSUS,2017,END OF DEC,,STATE,ALABAMA,1,,,,,,,0,,HONEY,"HONEY, BEE COLONIES - INVENTORY, MEASURED IN COLONIES",TOTAL,NOT SPECIFIED,"11,717",15.6
CENSUS,2017,END OF DEC,,STATE,ALASKA,2,,,,,,,0,,HONEY,"HONEY, BEE COLONIES - INVENTORY, MEASURED IN COLONIES",TOTAL,NOT SPECIFIED,632,11.1
CENSUS,2017,END OF DEC,,STATE,ARIZONA,4,,,,,,,0,,HONEY,"HONEY, BEE COLONIES - INVENTORY, MEASURED IN COLONIES",TOTAL,NOT SPECIFIED,"31,778",22.6
CENSUS,2017,END OF DEC,,STATE,ARKANSAS,5,,,,,,,0,,HONEY,"HONEY, BEE COLONIES - INVENTORY, MEASURED IN COLONIES",TOTAL,NOT SPECIFIED,"25,657",14.3
CENSUS,2017,END OF DEC,,STATE,CALIFORNIA,6,,,,,,,0,,HONEY,"HONEY, BEE COLONIES - INVENTORY, MEASURED IN COLONIES",TOTAL,NOT SPECIFIED,"1,143,254",9
CENSUS,2017,END OF DEC,,STATE,COLORADO,8,,,,,,,0,,HONEY,"HONEY, BEE COLONIES - INVENTORY, MEASURED IN COLONIES",TOTAL,NOT SPECIFIED,"18,321",11.1
CENSUS,2017,END OF DEC,,STATE,CONNECTICUT,9,,,,,,,0,,HONEY,"HONEY, BEE COLONIES - INVENTORY, MEASURED IN COLONIES",TOTAL,NOT SPECIFIED,"5,668",15.4
CENSUS,2017,END OF DEC,,STATE,DELAWARE,10,,,,,,,0,,HONEY,"HONEY, BEE COLONIES - INVENTORY, MEASURED IN COLONIES",TOTAL,NOT SPECIFIED,516,56.5
CENSUS,2017,END OF DEC,,STATE,FLORIDA,12,,,,,,,0,,HONEY,"HONEY, BEE COLONIES - INVENTORY, MEASURED IN COLONIES",TOTAL,NOT SPECIFIED,"241,176",13.5
CENSUS,2017,END OF DEC,,STATE,GEORGIA,13,,,,,,,0,,HONEY,"HONEY, BEE COLONIES - INVENTORY, MEASURED IN COLONIES",TOTAL,NOT SPECIFIED,"119,609",20.9
CENSUS,2017,END OF DEC,,STATE,HAWAII,15,,,,,,,0,,HONEY,"HONEY, BEE COLONIES - INVENTORY, MEASURED IN COLONIES",TOTAL,NOT SPECIFIED,"19,862",28.8
CENSUS,2017,END OF DEC,,STATE,IDAHO,16,,,,,,,0,,HONEY,"HONEY, BEE COLONIES - INVENTORY, MEASURED IN COLONIES",TOTAL,NOT SPECIFIED,"130,998",7.9
CENSUS,2017,END OF DEC,,STATE,ILLINOIS,17,,,,,,,0,,HONEY,"HONEY, BEE COLONIES - INVENTORY, MEASURED IN COLONIES",TOTAL,NOT SPECIFIED,"15,103",18.3
CENSUS,2017,END OF DEC,,STATE,INDIANA,18,,,,,,,0,,HONEY,"HONEY, BEE COLONIES - INVENTORY, MEASURED IN COLONIES",TOTAL,NOT SPECIFIED,"13,271",16.1
CENSUS,2017,END OF DEC,,STATE,IOWA,19,,,,,,,0,,HONEY,"HONEY, BEE COLONIES - INVENTORY, MEASURED IN COLONIES",TOTAL,NOT SPECIFIED,"42,130",3
CENSUS,2017,END OF DEC,,STATE,KANSAS,20,,,,,,,0,,HONEY,"HONEY, BEE COLONIES - INVENTORY, MEASURED IN COLONIES",TOTAL,NOT SPECIFIED,"7,097",31.3
CENSUS,2017,END OF DEC,,STATE,KENTUCKY,21,,,,,,,0,,HONEY,"HONEY, BEE COLONIES - INVENTORY, MEASURED IN COLONIES",TOTAL,NOT SPECIFIED,"15,659",17.1
CENSUS,2017,END OF DEC,,STATE,LOUISIANA,22,,,,,,,0,,HONEY,"HONEY, BEE COLONIES - INVENTORY, MEASURED IN COLONIES",TOTAL,NOT SPECIFIED,"47,828",45.5
CENSUS,2017,END OF DEC,,STATE,MAINE,23,,,,,,,0,,HONEY,"HONEY, BEE COLONIES - INVENTORY, MEASURED IN COLONIES",TOTAL,NOT SPECIFIED,"4,790",12.9
CENSUS,2017,END OF DEC,,STATE,MARYLAND,24,,,,,,,0,,HONEY,"HONEY, BEE COLONIES - INVENTORY, MEASURED IN COLONIES",TOTAL,NOT SPECIFIED,"9,782",10
CENSUS,2017,END OF DEC,,STATE,MASSACHUSETTS,25,,,,,,,0,,HONEY,"HONEY, BEE COLONIES - INVENTORY, MEASURED IN COLONIES",TOTAL,NOT SPECIFIED,"6,264",24.9
CENSUS,2017,END OF DEC,,STATE,MICHIGAN,26,,,,,,,0,,HONEY,"HONEY, BEE COLONIES - INVENTORY, MEASURED IN COLONIES",TOTAL,NOT SPECIFIED,"37,957",75.2
CENSUS,2017,END OF DEC,,STATE,MINNESOTA,27,,,,,,,0,,HONEY,"HONEY, BEE COLONIES - INVENTORY, MEASURED IN COLONIES",TOTAL,NOT SPECIFIED,"45,905",8.1
CENSUS,2017,END OF DEC,,STATE,MISSISSIPPI,28,,,,,,,0,,HONEY,"HONEY, BEE COLONIES - INVENTORY, MEASURED IN COLONIES",TOTAL,NOT SPECIFIED,"19,740",25
CENSUS,2017,END OF DEC,,STATE,MISSOURI,29,,,,,,,0,,HONEY,"HONEY, BEE COLONIES - INVENTORY, MEASURED IN COLONIES",TOTAL,NOT SPECIFIED,"16,065",6.3
CENSUS,2017,END OF DEC,,STATE,MONTANA,30,,,,,,,0,,HONEY,"HONEY, BEE COLONIES - INVENTORY, MEASURED IN COLONIES",TOTAL,NOT SPECIFIED,"33,642",20.4
CENSUS,2017,END OF DEC,,STATE,NEBRASKA,31,,,,,,,0,,HONEY,"HONEY, BEE COLONIES - INVENTORY, MEASURED IN COLONIES",TOTAL,NOT SPECIFIED,"18,021",9.7
CENSUS,2017,END OF DEC,,STATE,NEVADA,32,,,,,,,0,,HONEY,"HONEY, BEE COLONIES - INVENTORY, MEASURED IN COLONIES",TOTAL,NOT SPECIFIED,"9,943",10.5
CENSUS,2017,END OF DEC,,STATE,NEW HAMPSHIRE,33,,,,,,,0,,HONEY,"HONEY, BEE COLONIES - INVENTORY, MEASURED IN COLONIES",TOTAL,NOT SPECIFIED,"2,505",13.8
CENSUS,2017,END OF DEC,,STATE,NEW JERSEY,34,,,,,,,0,,HONEY,"HONEY, BEE COLONIES - INVENTORY, MEASURED IN COLONIES",TOTAL,NOT SPECIFIED,"9,767",26.7
CENSUS,2017,END OF DEC,,STATE,NEW MEXICO,35,,,,,,,0,,HONEY,"HONEY, BEE COLONIES - INVENTORY, MEASURED IN COLONIES",TOTAL,NOT SPECIFIED,"8,099",37.4
CENSUS,2017,END OF DEC,,STATE,NEW YORK,36,,,,,,,0,,HONEY,"HONEY, BEE COLONIES - INVENTORY, MEASURED IN COLONIES",TOTAL,NOT SPECIFIED,"37,181",10.3
CENSUS,2017,END OF DEC,,STATE,NORTH CAROLINA,37,,,,,,,0,,HONEY,"HONEY, BEE COLONIES - INVENTORY, MEASURED IN COLONIES",TOTAL,NOT SPECIFIED,"28,832",12.6
CENSUS,2017,END OF DEC,,STATE,NORTH DAKOTA,38,,,,,,,0,,HONEY,"HONEY, BEE COLONIES - INVENTORY, MEASURED IN COLONIES",TOTAL,NOT SPECIFIED,"97,105",10.6
CENSUS,2017,END OF DEC,,STATE,OHIO,39,,,,,,,0,,HONEY,"HONEY, BEE COLONIES - INVENTORY, MEASURED IN COLONIES",TOTAL,NOT SPECIFIED,"24,714",15
CENSUS,2017,END OF DEC,,STATE,OKLAHOMA,40,,,,,,,0,,HONEY,"HONEY, BEE COLONIES - INVENTORY, MEASURED IN COLONIES",TOTAL,NOT SPECIFIED,"21,745",15.3
CENSUS,2017,END OF DEC,,STATE,OREGON,41,,,,,,,0,,HONEY,"HONEY, BEE COLONIES - INVENTORY, MEASURED IN COLONIES",TOTAL,NOT SPECIFIED,"88,362",6
CENSUS,2017,END OF DEC,,STATE,PENNSYLVANIA,42,,,,,,,0,,HONEY,"HONEY, BEE COLONIES - INVENTORY, MEASURED IN COLONIES",TOTAL,NOT SPECIFIED,"26,169",65.9
CENSUS,2017,END OF DEC,,STATE,RHODE ISLAND,44,,,,,,,0,,HONEY,"HONEY, BEE COLONIES - INVENTORY, MEASURED IN COLONIES",TOTAL,NOT SPECIFIED,986,14.9
CENSUS,2017,END OF DEC,,STATE,SOUTH CAROLINA,45,,,,,,,0,,HONEY,"HONEY, BEE COLONIES - INVENTORY, MEASURED IN COLONIES",TOTAL,NOT SPECIFIED,"16,821",16.6
CENSUS,2017,END OF DEC,,STATE,SOUTH DAKOTA,46,,,,,,,0,,HONEY,"HONEY, BEE COLONIES - INVENTORY, MEASURED IN COLONIES",TOTAL,NOT SPECIFIED,"39,602",43.3
CENSUS,2017,END OF DEC,,STATE,TENNESSEE,47,,,,,,,0,,HONEY,"HONEY, BEE COLONIES - INVENTORY, MEASURED IN COLONIES",TOTAL,NOT SPECIFIED,"18,663",10.4
CENSUS,2017,END OF DEC,,STATE,TEXAS,48,,,,,,,0,,HONEY,"HONEY, BEE COLONIES - INVENTORY, MEASURED IN COLONIES",TOTAL,NOT SPECIFIED,"210,229",10.5
CENSUS,2017,END OF DEC,,STATE,UTAH,49,,,,,,,0,,HONEY,"HONEY, BEE COLONIES - INVENTORY, MEASURED IN COLONIES",TOTAL,NOT SPECIFIED,"15,354",11.7
CENSUS,2017,END OF DEC,,STATE,VERMONT,50,,,,,,,0,,HONEY,"HONEY, BEE COLONIES - INVENTORY, MEASURED IN COLONIES",TOTAL,NOT SPECIFIED,"10,205",9.5
CENSUS,2017,END OF DEC,,STATE,VIRGINIA,51,,,,,,,0,,HONEY,"HONEY, BEE COLONIES - INVENTORY, MEASURED IN COLONIES",TOTAL,NOT SPECIFIED,"15,483",9.2
CENSUS,2017,END OF DEC,,STATE,WASHINGTON,53,,,,,,,0,,HONEY,"HONEY, BEE COLONIES - INVENTORY, MEASURED IN COLONIES",TOTAL,NOT SPECIFIED,"65,523",77
CENSUS,2017,END OF DEC,,STATE,WEST VIRGINIA,54,,,,,,,0,,HONEY,"HONEY, BEE COLONIES - INVENTORY, MEASURED IN COLONIES",TOTAL,NOT SPECIFIED,"12,164",12.7
CENSUS,2017,END OF DEC,,STATE,WISCONSIN,55,,,,,,,0,,HONEY,"HONEY, BEE COLONIES - INVENTORY, MEASURED IN COLONIES",TOTAL,NOT SPECIFIED,"28,673",9.9
CENSUS,2017,END OF DEC,,STATE,WYOMING,56,,,,,,,0,,HONEY,"HONEY, BEE COLONIES - INVENTORY, MEASURED IN COLONIES",TOTAL,NOT SPECIFIED,"5,929",11.2
CENSUS,2012,END OF DEC,,STATE,ALABAMA,1,,,,,,,0,,HONEY,"HONEY, BEE COLONIES - INVENTORY, MEASURED IN COLONIES",TOTAL,NOT SPECIFIED,"11,628",10.9
CENSUS,2012,END OF DEC,,STATE,ALASKA,2,,,,,,,0,,HONEY,"HONEY, BEE COLONIES - INVENTORY, MEASURED IN COLONIES",TOTAL,NOT SPECIFIED,546,2.9
CENSUS,2012,END OF DEC,,STATE,ARIZONA,4,,,,,,,0,,HONEY,"HONEY, BEE COLONIES - INVENTORY, MEASURED IN COLONIES",TOTAL,NOT SPECIFIED,"58,461",53.3
CENSUS,2012,END OF DEC,,STATE,ARKANSAS,5,,,,,,,0,,HONEY,"HONEY, BEE COLONIES - INVENTORY, MEASURED IN COLONIES",TOTAL,NOT SPECIFIED,"23,259",17.1
CENSUS,2012,END OF DEC,,STATE,CALIFORNIA,6,,,,,,,0,,HONEY,"HONEY, BEE COLONIES - INVENTORY, MEASURED IN COLONIES",TOTAL,NOT SPECIFIED,"945,589",14.3
CENSUS,2012,END OF DEC,,STATE,COLORADO,8,,,,,,,0,,HONEY,"HONEY, BEE COLONIES - INVENTORY, MEASURED IN COLONIES",TOTAL,NOT SPECIFIED,"34,813",32.9
CENSUS,2012,END OF DEC,,STATE,CONNECTICUT,9,,,,,,,0,,HONEY,"HONEY, BEE COLONIES - INVENTORY, MEASURED IN COLONIES",TOTAL,NOT SPECIFIED,"5,639",31.8
CENSUS,2012,END OF DEC,,STATE,DELAWARE,10,,,,,,,0,,HONEY,"HONEY, BEE COLONIES - INVENTORY, MEASURED IN COLONIES",TOTAL,NOT SPECIFIED,817,25.8
CENSUS,2012,END OF DEC,,STATE,FLORIDA,12,,,,,,,0,,HONEY,"HONEY, BEE COLONIES - INVENTORY, MEASURED IN COLONIES",TOTAL,NOT SPECIFIED,"206,654",14
CENSUS,2012,END OF DEC,,STATE,GEORGIA,13,,,,,,,0,,HONEY,"HONEY, BEE COLONIES - INVENTORY, MEASURED IN COLONIES",TOTAL,NOT SPECIFIED,"64,213",4.7
CENSUS,2012,END OF DEC,,STATE,HAWAII,15,,,,,,,0,,HONEY,"HONEY, BEE COLONIES - INVENTORY, MEASURED IN COLONIES",TOTAL,NOT SPECIFIED,"8,630",3.4
CENSUS,2012,END OF DEC,,STATE,IDAHO,16,,,,,,,0,,HONEY,"HONEY, BEE COLONIES - INVENTORY, MEASURED IN COLONIES",TOTAL,NOT SPECIFIED,"103,604",11.2
CENSUS,2012,END OF DEC,,STATE,ILLINOIS,17,,,,,,,0,,HONEY,"HONEY, BEE COLONIES - INVENTORY, MEASURED IN COLONIES",TOTAL,NOT SPECIFIED,"10,043",17.3
CENSUS,2012,END OF DEC,,STATE,INDIANA,18,,,,,,,0,,HONEY,"HONEY, BEE COLONIES - INVENTORY, MEASURED IN COLONIES",TOTAL,NOT SPECIFIED,"13,017",5.9
CENSUS,2012,END OF DEC,,STATE,IOWA,19,,,,,,,0,,HONEY,"HONEY, BEE COLONIES - INVENTORY, MEASURED IN COLONIES",TOTAL,NOT SPECIFIED,"30,004",10.5
CENSUS,2012,END OF DEC,,STATE,KANSAS,20,,,,,,,0,,HONEY,"HONEY, BEE COLONIES - INVENTORY, MEASURED IN COLONIES",TOTAL,NOT SPECIFIED,"10,726",36.5
CENSUS,2012,END OF DEC,,STATE,KENTUCKY,21,,,,,,,0,,HONEY,"HONEY, BEE COLONIES - INVENTORY, MEASURED IN COLONIES",TOTAL,NOT SPECIFIED,"12,669",5.8
CENSUS,2012,END OF DEC,,STATE,LOUISIANA,22,,,,,,,0,,HONEY,"HONEY, BEE COLONIES - INVENTORY, MEASURED IN COLONIES",TOTAL,NOT SPECIFIED,"34,905",43.5
CENSUS,2012,END OF DEC,,STATE,MAINE,23,,,,,,,0,,HONEY,"HONEY, BEE COLONIES - INVENTORY, MEASURED IN COLONIES",TOTAL,NOT SPECIFIED,"14,456",58.8
CENSUS,2012,END OF DEC,,STATE,MARYLAND,24,,,,,,,0,,HONEY,"HONEY, BEE COLONIES - INVENTORY, MEASURED IN COLONIES",TOTAL,NOT SPECIFIED,"7,892",9.1
CENSUS,2012,END OF DEC,,STATE,MASSACHUSETTS,25,,,,,,,0,,HONEY,"HONEY, BEE COLONIES - INVENTORY, MEASURED IN COLONIES",TOTAL,NOT SPECIFIED,"4,666",33.9
CENSUS,2012,END OF DEC,,STATE,MICHIGAN,26,,,,,,,0,,HONEY,"HONEY, BEE COLONIES - INVENTORY, MEASURED IN COLONIES",TOTAL,NOT SPECIFIED,"78,995",4.3
CENSUS,2012,END OF DEC,,STATE,MINNESOTA,27,,,,,,,0,,HONEY,"HONEY, BEE COLONIES - INVENTORY, MEASURED IN COLONIES",TOTAL,NOT SPECIFIED,"101,424",2.7
CENSUS,2012,END OF DEC,,STATE,MISSISSIPPI,28,,,,,,,0,,HONEY,"HONEY, BEE COLONIES - INVENTORY, MEASURED IN COLONIES",TOTAL,NOT SPECIFIED,"36,097",61
CENSUS,2012,END OF DEC,,STATE,MISSOURI,29,,,,,,,0,,HONEY,"HONEY, BEE COLONIES - INVENTORY, MEASURED IN COLONIES",TOTAL,NOT SPECIFIED,"14,561",10.5
CENSUS,2012,END OF DEC,,STATE,MONTANA,30,,,,,,,0,,HONEY,"HONEY, BEE COLONIES - INVENTORY, MEASURED IN COLONIES",TOTAL,NOT SPECIFIED,"119,002",16.8
CENSUS,2012,END OF DEC,,STATE,NEBRASKA,31,,,,,,,0,,HONEY,"HONEY, BEE COLONIES - INVENTORY, MEASURED IN COLONIES",TOTAL,NOT SPECIFIED,"44,895",39.8
CENSUS,2012,END OF DEC,,STATE,NEVADA,32,,,,,,,0,,HONEY,"HONEY, BEE COLONIES - INVENTORY, MEASURED IN COLONIES",TOTAL,NOT SPECIFIED,"10,182",42.5
CENSUS,2012,END OF DEC,,STATE,NEW HAMPSHIRE,33,,,,,,,0,,HONEY,"HONEY, BEE COLONIES - INVENTORY, MEASURED IN COLONIES",TOTAL,NOT SPECIFIED,"2,912",34.6
CENSUS,2012,END OF DEC,,STATE,NEW JERSEY,34,,,,,,,0,,HONEY,"HONEY, BEE COLONIES - INVENTORY, MEASURED IN COLONIES",TOTAL,NOT SPECIFIED,"13,298",6.2
CENSUS,2012,END OF DEC,,STATE,NEW MEXICO,35,,,,,,,0,,HONEY,"HONEY, BEE COLONIES - INVENTORY, MEASURED IN COLONIES",TOTAL,NOT SPECIFIED,"15,088",35.9
CENSUS,2012,END OF DEC,,STATE,NEW YORK,36,,,,,,,0,,HONEY,"HONEY, BEE COLONIES - INVENTORY, MEASURED IN COLONIES",TOTAL,NOT SPECIFIED,"70,557",3.8
CENSUS,2012,END OF DEC,,STATE,NORTH CAROLINA,37,,,,,,,0,,HONEY,"HONEY, BEE COLONIES - INVENTORY, MEASURED IN COLONIES",TOTAL,NOT SPECIFIED,"24,225",13.3
CENSUS,2012,END OF DEC,,STATE,NORTH DAKOTA,38,,,,,,,0,,HONEY,"HONEY, BEE COLONIES - INVENTORY, MEASURED IN COLONIES",TOTAL,NOT SPECIFIED,"370,480",17.3
CENSUS,2012,END OF DEC,,STATE,OHIO,39,,,,,,,0,,HONEY,"HONEY, BEE COLONIES - INVENTORY, MEASURED IN COLONIES",TOTAL,NOT SPECIFIED,"21,398",11.2
CENSUS,2012,END OF DEC,,STATE,OKLAHOMA,40,,,,,,,0,,HONEY,"HONEY, BEE COLONIES - INVENTORY, MEASURED IN COLONIES",TOTAL,NOT SPECIFIED,"21,011",74.9
CENSUS,2012,END OF DEC,,STATE,OREGON,41,,,,,,,0,,HONEY,"HONEY, BEE COLONIES - INVENTORY, MEASURED IN COLONIES",TOTAL,NOT SPECIFIED,"82,190",8.5
CENSUS,2012,END OF DEC,,STATE,PENNSYLVANIA,42,,,,,,,0,,HONEY,"HONEY, BEE COLONIES - INVENTORY, MEASURED IN COLONIES",TOTAL,NOT SPECIFIED,"32,023",9.8
CENSUS,2012,END OF DEC,,STATE,RHODE ISLAND,44,,,,,,,0,,HONEY,"HONEY, BEE COLONIES - INVENTORY, MEASURED IN COLONIES",TOTAL,NOT SPECIFIED,739,28.4
CENSUS,2012,END OF DEC,,STATE,SOUTH CAROLINA,45,,,,,,,0,,HONEY,"HONEY, BEE COLONIES - INVENTORY, MEASURED IN COLONIES",TOTAL,NOT SPECIFIED,"10,083",39.8
CENSUS,2012,END OF DEC,,STATE,SOUTH DAKOTA,46,,,,,,,0,,HONEY,"HONEY, BEE COLONIES - INVENTORY, MEASURED IN COLONIES",TOTAL,NOT SPECIFIED,"210,447",4.8
CENSUS,2012,END OF DEC,,STATE,TENNESSEE,47,,,,,,,0,,HONEY,"HONEY, BEE COLONIES - INVENTORY, MEASURED IN COLONIES",TOTAL,NOT SPECIFIED,"14,161",3.6
CENSUS,2012,END OF DEC,,STATE,TEXAS,48,,,,,,,0,,HONEY,"HONEY, BEE COLONIES - INVENTORY, MEASURED IN COLONIES",TOTAL,NOT SPECIFIED,"136,830",29.2
CENSUS,2012,END OF DEC,,STATE,UTAH,49,,,,,,,0,,HONEY,"HONEY, BEE COLONIES - INVENTORY, MEASURED IN COLONIES",TOTAL,NOT SPECIFIED,"26,083",3.1
CENSUS,2012,END OF DEC,,STATE,VERMONT,50,,,,,,,0,,HONEY,"HONEY, BEE COLONIES - INVENTORY, MEASURED IN COLONIES",TOTAL,NOT SPECIFIED,"8,624",23.5
CENSUS,2012,END OF DEC,,STATE,VIRGINIA,51,,,,,,,0,,HONEY,"HONEY, BEE COLONIES - INVENTORY, MEASURED IN COLONIES",TOTAL,NOT SPECIFIED,"14,334",9.3
CENSUS,2012,END OF DEC,,STATE,WASHINGTON,53,,,,,,,0,,HONEY,"HONEY, BEE COLONIES - INVENTORY, MEASURED IN COLONIES",TOTAL,NOT SPECIFIED,"96,685",22.2
CENSUS,2012,END OF DEC,,STATE,WEST VIRGINIA,54,,,,,,,0,,HONEY,"HONEY, BEE COLONIES - INVENTORY, MEASURED IN COLONIES",TOTAL,NOT SPECIFIED,"9,325",8.7
CENSUS,2012,END OF DEC,,STATE,WISCONSIN,55,,,,,,,0,,HONEY,"HONEY, BEE COLONIES - INVENTORY, MEASURED IN COLONIES",TOTAL,NOT SPECIFIED,"49,661",3.7
CENSUS,2012,END OF DEC,,STATE,WYOMING,56,,,,,,,0,,HONEY,"HONEY, BEE COLONIES - INVENTORY, MEASURED IN COLONIES",TOTAL,NOT SPECIFIED,"45,029",41.5
CENSUS,2007,END OF DEC,,STATE,ALABAMA,1,,,,,,,0,,HONEY,"HONEY, BEE COLONIES - INVENTORY, MEASURED IN COLONIES",TOTAL,NOT SPECIFIED,"13,464",
CENSUS,2007,END OF DEC,,STATE,ALASKA,2,,,,,,,0,,HONEY,"HONEY, BEE COLONIES - INVENTORY, MEASURED IN COLONIES",TOTAL,NOT SPECIFIED,337,
CENSUS,2007,END OF DEC,,STATE,ARIZONA,4,,,,,,,0,,HONEY,"HONEY, BEE COLONIES - INVENTORY, MEASURED IN COLONIES",TOTAL,NOT SPECIFIED,"42,239",
CENSUS,2007,END OF DEC,,STATE,ARKANSAS,5,,,,,,,0,,HONEY,"HONEY, BEE COLONIES - INVENTORY, MEASURED IN COLONIES",TOTAL,NOT SPECIFIED,"31,865",
CENSUS,2007,END OF DEC,,STATE,CALIFORNIA,6,,,,,,,0,,HONEY,"HONEY, BEE COLONIES - INVENTORY, MEASURED IN COLONIES",TOTAL,NOT SPECIFIED,"655,817",
CENSUS,2007,END OF DEC,,STATE,COLORADO,8,,,,,,,0,,HONEY,"HONEY, BEE COLONIES - INVENTORY, MEASURED IN COLONIES",TOTAL,NOT SPECIFIED,"33,201",
CENSUS,2007,END OF DEC,,STATE,CONNECTICUT,9,,,,,,,0,,HONEY,"HONEY, BEE COLONIES - INVENTORY, MEASURED IN COLONIES",TOTAL,NOT SPECIFIED,"4,427",
CENSUS,2007,END OF DEC,,STATE,DELAWARE,10,,,,,,,0,,HONEY,"HONEY, BEE COLONIES - INVENTORY, MEASURED IN COLONIES",TOTAL,NOT SPECIFIED,546,
CENSUS,2007,END OF DEC,,STATE,FLORIDA,12,,,,,,,0,,HONEY,"HONEY, BEE COLONIES - INVENTORY, MEASURED IN COLONIES",TOTAL,NOT SPECIFIED,"158,905",
CENSUS,2007,END OF DEC,,STATE,GEORGIA,13,,,,,,,0,,HONEY,"HONEY, BEE COLONIES - INVENTORY, MEASURED IN COLONIES",TOTAL,NOT SPECIFIED,"93,661",
CENSUS,2007,END OF DEC,,STATE,HAWAII,15,,,,,,,0,,HONEY,"HONEY, BEE COLONIES - INVENTORY, MEASURED IN COLONIES",TOTAL,NOT SPECIFIED,"16,665",
CENSUS,2007,END OF DEC,,STATE,IDAHO,16,,,,,,,0,,HONEY,"HONEY, BEE COLONIES - INVENTORY, MEASURED IN COLONIES",TOTAL,NOT SPECIFIED,"119,379",
CENSUS,2007,END OF DEC,,STATE,ILLINOIS,17,,,,,,,0,,HONEY,"HONEY, BEE COLONIES - INVENTORY, MEASURED IN COLONIES",TOTAL,NOT SPECIFIED,"9,390",
CENSUS,2007,END OF DEC,,STATE,INDIANA,18,,,,,,,0,,HONEY,"HONEY, BEE COLONIES - INVENTORY, MEASURED IN COLONIES",TOTAL,NOT SPECIFIED,"11,305",
CENSUS,2007,END OF DEC,,STATE,IOWA,19,,,,,,,0,,HONEY,"HONEY, BEE COLONIES - INVENTORY, MEASURED IN COLONIES",TOTAL,NOT SPECIFIED,"29,110",
CENSUS,2007,END OF DEC,,STATE,KANSAS,20,,,,,,,0,,HONEY,"HONEY, BEE COLONIES - INVENTORY, MEASURED IN COLONIES",TOTAL,NOT SPECIFIED,"11,977",
CENSUS,2007,END OF DEC,,STATE,KENTUCKY,21,,,,,,,0,,HONEY,"HONEY, BEE COLONIES - INVENTORY, MEASURED IN COLONIES",TOTAL,NOT SPECIFIED,"10,796",
CENSUS,2007,END OF DEC,,STATE,LOUISIANA,22,,,,,,,0,,HONEY,"HONEY, BEE COLONIES - INVENTORY, MEASURED IN COLONIES",TOTAL,NOT SPECIFIED,"37,422",
CENSUS,2007,END OF DEC,,STATE,MAINE,23,,,,,,,0,,HONEY,"HONEY, BEE COLONIES - INVENTORY, MEASURED IN COLONIES",TOTAL,NOT SPECIFIED,"5,780",
CENSUS,2007,END OF DEC,,STATE,MARYLAND,24,,,,,,,0,,HONEY,"HONEY, BEE COLONIES - INVENTORY, MEASURED IN COLONIES",TOTAL,NOT SPECIFIED,"6,444",
CENSUS,2007,END OF DEC,,STATE,MASSACHUSETTS,25,,,,,,,0,,HONEY,"HONEY, BEE COLONIES - INVENTORY, MEASURED IN COLONIES",TOTAL,NOT SPECIFIED,"8,255",
CENSUS,2007,END OF DEC,,STATE,MICHIGAN,26,,,,,,,0,,HONEY,"HONEY, BEE COLONIES - INVENTORY, MEASURED IN COLONIES",TOTAL,NOT SPECIFIED,"74,362",
CENSUS,2007,END OF DEC,,STATE,MINNESOTA,27,,,,,,,0,,HONEY,"HONEY, BEE COLONIES - INVENTORY, MEASURED IN COLONIES",TOTAL,NOT SPECIFIED,"113,448",
CENSUS,2007,END OF DEC,,STATE,MISSISSIPPI,28,,,,,,,0,,HONEY,"HONEY, BEE COLONIES - INVENTORY, MEASURED IN COLONIES",TOTAL,NOT SPECIFIED,"22,032",
CENSUS,2007,END OF DEC,,STATE,MISSOURI,29,,,,,,,0,,HONEY,"HONEY, BEE COLONIES - INVENTORY, MEASURED IN COLONIES",TOTAL,NOT SPECIFIED,"21,372",
CENSUS,2007,END OF DEC,,STATE,MONTANA,30,,,,,,,0,,HONEY,"HONEY, BEE COLONIES - INVENTORY, MEASURED IN COLONIES",TOTAL,NOT SPECIFIED,"110,389",
CENSUS,2007,END OF DEC,,STATE,NEBRASKA,31,,,,,,,0,,HONEY,"HONEY, BEE COLONIES - INVENTORY, MEASURED IN COLONIES",TOTAL,NOT SPECIFIED,"36,666",
CENSUS,2007,END OF DEC,,STATE,NEVADA,32,,,,,,,0,,HONEY,"HONEY, BEE COLONIES - INVENTORY, MEASURED IN COLONIES",TOTAL,NOT SPECIFIED,991,
CENSUS,2007,END OF DEC,,STATE,NEW HAMPSHIRE,33,,,,,,,0,,HONEY,"HONEY, BEE COLONIES - INVENTORY, MEASURED IN COLONIES",TOTAL,NOT SPECIFIED,"1,901",
CENSUS,2007,END OF DEC,,STATE,NEW JERSEY,34,,,,,,,0,,HONEY,"HONEY, BEE COLONIES - INVENTORY, MEASURED IN COLONIES",TOTAL,NOT SPECIFIED,"10,926",
CENSUS,2007,END OF DEC,,STATE,NEW MEXICO,35,,,,,,,0,,HONEY,"HONEY, BEE COLONIES - INVENTORY, MEASURED IN COLONIES",TOTAL,NOT SPECIFIED,"11,511",
CENSUS,2007,END OF DEC,,STATE,NEW YORK,36,,,,,,,0,,HONEY,"HONEY, BEE COLONIES - INVENTORY, MEASURED IN COLONIES",TOTAL,NOT SPECIFIED,"46,401",
CENSUS,2007,END OF DEC,,STATE,NORTH CAROLINA,37,,,,,,,0,,HONEY,"HONEY, BEE COLONIES - INVENTORY, MEASURED IN COLONIES",TOTAL,NOT SPECIFIED,"31,768",
CENSUS,2007,END OF DEC,,STATE,NORTH DAKOTA,38,,,,,,,0,,HONEY,"HONEY, BEE COLONIES - INVENTORY, MEASURED IN COLONIES",TOTAL,NOT SPECIFIED,"390,421",
CENSUS,2007,END OF DEC,,STATE,OHIO,39,,,,,,,0,,HONEY,"HONEY, BEE COLONIES - INVENTORY, MEASURED IN COLONIES",TOTAL,NOT SPECIFIED,"22,030",
CENSUS,2007,END OF DEC,,STATE,OKLAHOMA,40,,,,,,,0,,HONEY,"HONEY, BEE COLONIES - INVENTORY, MEASURED IN COLONIES",TOTAL,NOT SPECIFIED,"6,457",
CENSUS,2007,END OF DEC,,STATE,OREGON,41,,,,,,,0,,HONEY,"HONEY, BEE COLONIES - INVENTORY, MEASURED IN COLONIES",TOTAL,NOT SPECIFIED,"52,688",
CENSUS,2007,END OF DEC,,STATE,PENNSYLVANIA,42,,,,,,,0,,HONEY,"HONEY, BEE COLONIES - INVENTORY, MEASURED IN COLONIES",TOTAL,NOT SPECIFIED,"35,979",
CENSUS,2007,END OF DEC,,STATE,RHODE ISLAND,44,,,,,,,0,,HONEY,"HONEY, BEE COLONIES - INVENTORY, MEASURED IN COLONIES",TOTAL,NOT SPECIFIED,419,
CENSUS,2007,END OF DEC,,STATE,SOUTH CAROLINA,45,,,,,,,0,,HONEY,"HONEY, BEE COLONIES - INVENTORY, MEASURED IN COLONIES",TOTAL,NOT SPECIFIED,"7,009",
CENSUS,2007,END OF DEC,,STATE,SOUTH DAKOTA,46,,,,,,,0,,HONEY,"HONEY, BEE COLONIES - INVENTORY, MEASURED IN COLONIES",TOTAL,NOT SPECIFIED,"230,075",
CENSUS,2007,END OF DEC,,STATE,TENNESSEE,47,,,,,,,0,,HONEY,"HONEY, BEE COLONIES - INVENTORY, MEASURED IN COLONIES",TOTAL,NOT SPECIFIED,"12,614",
CENSUS,2007,END OF DEC,,STATE,TEXAS,48,,,,,,,0,,HONEY,"HONEY, BEE COLONIES - INVENTORY, MEASURED IN COLONIES",TOTAL,NOT SPECIFIED,"128,064",
CENSUS,2007,END OF DEC,,STATE,UTAH,49,,,,,,,0,,HONEY,"HONEY, BEE COLONIES - INVENTORY, MEASURED IN COLONIES",TOTAL,NOT SPECIFIED,"28,778",
CENSUS,2007,END OF DEC,,STATE,VERMONT,50,,,,,,,0,,HONEY,"HONEY, BEE COLONIES - INVENTORY, MEASURED IN COLONIES",TOTAL,NOT SPECIFIED,"7,632",
CENSUS,2007,END OF DEC,,STATE,VIRGINIA,51,,,,,,,0,,HONEY,"HONEY, BEE COLONIES - INVENTORY, MEASURED IN COLONIES",TOTAL,NOT SPECIFIED,"10,822",
CENSUS,2007,END OF DEC,,STATE,WASHINGTON,53,,,,,,,0,,HONEY,"HONEY, BEE COLONIES - INVENTORY, MEASURED IN COLONIES",TOTAL,NOT SPECIFIED,"83,170",
CENSUS,2007,END OF DEC,,STATE,WEST VIRGINIA,54,,,,,,,0,,HONEY,"HONEY, BEE COLONIES - INVENTORY, MEASURED IN COLONIES",TOTAL,NOT SPECIFIED,"10,701",
CENSUS,2007,END OF DEC,,STATE,WISCONSIN,55,,,,,,,0,,HONEY,"HONEY, BEE COLONIES - INVENTORY, MEASURED IN COLONIES",TOTAL,NOT SPECIFIED,"47,488",
CENSUS,2007,END OF DEC,,STATE,WYOMING,56,,,,,,,0,,HONEY,"HONEY, BEE COLONIES - INVENTORY, MEASURED IN COLONIES",TOTAL,NOT SPECIFIED,"45,633",
CENSUS,2002,END OF DEC,,STATE,ALABAMA,1,,,,,,,0,,HONEY,"HONEY, BEE COLONIES - INVENTORY, MEASURED IN COLONIES",TOTAL,NOT SPECIFIED,"19,592",
CENSUS,2002,END OF DEC,,STATE,ALASKA,2,,,,,,,0,,HONEY,"HONEY, BEE COLONIES - INVENTORY, MEASURED IN COLONIES",TOTAL,NOT SPECIFIED,94,
CENSUS,2002,END OF DEC,,STATE,ARIZONA,4,,,,,,,0,,HONEY,"HONEY, BEE COLONIES - INVENTORY, MEASURED IN COLONIES",TOTAL,NOT SPECIFIED,"38,864",
CENSUS,2002,END OF DEC,,STATE,ARKANSAS,5,,,,,,,0,,HONEY,"HONEY, BEE COLONIES - INVENTORY, MEASURED IN COLONIES",TOTAL,NOT SPECIFIED,"38,924",
CENSUS,2002,END OF DEC,,STATE,CALIFORNIA,6,,,,,,,0,,HONEY,"HONEY, BEE COLONIES - INVENTORY, MEASURED IN COLONIES",TOTAL,NOT SPECIFIED,"484,510",
CENSUS,2002,END OF DEC,,STATE,COLORADO,8,,,,,,,0,,HONEY,"HONEY, BEE COLONIES - INVENTORY, MEASURED IN COLONIES",TOTAL,NOT SPECIFIED,"26,463",
CENSUS,2002,END OF DEC,,STATE,CONNECTICUT,9,,,,,,,0,,HONEY,"HONEY, BEE COLONIES - INVENTORY, MEASURED IN COLONIES",TOTAL,NOT SPECIFIED,"4,071",
CENSUS,2002,END OF DEC,,STATE,DELAWARE,10,,,,,,,0,,HONEY,"HONEY, BEE COLONIES - INVENTORY, MEASURED IN COLONIES",TOTAL,NOT SPECIFIED,452,
CENSUS,2002,END OF DEC,,STATE,FLORIDA,12,,,,,,,0,,HONEY,"HONEY, BEE COLONIES - INVENTORY, MEASURED IN COLONIES",TOTAL,NOT SPECIFIED,"226,332",
CENSUS,2002,END OF DEC,,STATE,GEORGIA,13,,,,,,,0,,HONEY,"HONEY, BEE COLONIES - INVENTORY, MEASURED IN COLONIES",TOTAL,NOT SPECIFIED,"68,345",
CENSUS,2002,END OF DEC,,STATE,HAWAII,15,,,,,,,0,,HONEY,"HONEY, BEE COLONIES - INVENTORY, MEASURED IN COLONIES",TOTAL,NOT SPECIFIED,"14,365",
CENSUS,2002,END OF DEC,,STATE,IDAHO,16,,,,,,,0,,HONEY,"HONEY, BEE COLONIES - INVENTORY, MEASURED IN COLONIES",TOTAL,NOT SPECIFIED,"92,555",
CENSUS,2002,END OF DEC,,STATE,ILLINOIS,17,,,,,,,0,,HONEY,"HONEY, BEE COLONIES - INVENTORY, MEASURED IN COLONIES",TOTAL,NOT SPECIFIED,"5,245",
CENSUS,2002,END OF DEC,,STATE,INDIANA,18,,,,,,,0,,HONEY,"HONEY, BEE COLONIES - INVENTORY, MEASURED IN COLONIES",TOTAL,NOT SPECIFIED,"9,996",
CENSUS,2002,END OF DEC,,STATE,IOWA,19,,,,,,,0,,HONEY,"HONEY, BEE COLONIES - INVENTORY, MEASURED IN COLONIES",TOTAL,NOT SPECIFIED,"30,641",
CENSUS,2002,END OF DEC,,STATE,KANSAS,20,,,,,,,0,,HONEY,"HONEY, BEE COLONIES - INVENTORY, MEASURED IN COLONIES",TOTAL,NOT SPECIFIED,"15,035",
CENSUS,2002,END OF DEC,,STATE,KENTUCKY,21,,,,,,,0,,HONEY,"HONEY, BEE COLONIES - INVENTORY, MEASURED IN COLONIES",TOTAL,NOT SPECIFIED,"6,850",
CENSUS,2002,END OF DEC,,STATE,LOUISIANA,22,,,,,,,0,,HONEY,"HONEY, BEE COLONIES - INVENTORY, MEASURED IN COLONIES",TOTAL,NOT SPECIFIED,"29,990",
CENSUS,2002,END OF DEC,,STATE,MAINE,23,,,,,,,0,,HONEY,"HONEY, BEE COLONIES - INVENTORY, MEASURED IN COLONIES",TOTAL,NOT SPECIFIED,"7,098",
CENSUS,2002,END OF DEC,,STATE,MARYLAND,24,,,,,,,0,,HONEY,"HONEY, BEE COLONIES - INVENTORY, MEASURED IN COLONIES",TOTAL,NOT SPECIFIED,"6,568",
CENSUS,2002,END OF DEC,,STATE,MASSACHUSETTS,25,,,,,,,0,,HONEY,"HONEY, BEE COLONIES - INVENTORY, MEASURED IN COLONIES",TOTAL,NOT SPECIFIED,"2,966",
CENSUS,2002,END OF DEC,,STATE,MICHIGAN,26,,,,,,,0,,HONEY,"HONEY, BEE COLONIES - INVENTORY, MEASURED IN COLONIES",TOTAL,NOT SPECIFIED,"79,341",
CENSUS,2002,END OF DEC,,STATE,MINNESOTA,27,,,,,,,0,,HONEY,"HONEY, BEE COLONIES - INVENTORY, MEASURED IN COLONIES",TOTAL,NOT SPECIFIED,"97,725",
CENSUS,2002,END OF DEC,,STATE,MISSISSIPPI,28,,,,,,,0,,HONEY,"HONEY, BEE COLONIES - INVENTORY, MEASURED IN COLONIES",TOTAL,NOT SPECIFIED,"11,624",
CENSUS,2002,END OF DEC,,STATE,MISSOURI,29,,,,,,,0,,HONEY,"HONEY, BEE COLONIES - INVENTORY, MEASURED IN COLONIES",TOTAL,NOT SPECIFIED,"21,333",
CENSUS,2002,END OF DEC,,STATE,MONTANA,30,,,,,,,0,,HONEY,"HONEY, BEE COLONIES - INVENTORY, MEASURED IN COLONIES",TOTAL,NOT SPECIFIED,"108,617",
CENSUS,2002,END OF DEC,,STATE,NEBRASKA,31,,,,,,,0,,HONEY,"HONEY, BEE COLONIES - INVENTORY, MEASURED IN COLONIES",TOTAL,NOT SPECIFIED,"39,922",
CENSUS,2002,END OF DEC,,STATE,NEVADA,32,,,,,,,0,,HONEY,"HONEY, BEE COLONIES - INVENTORY, MEASURED IN COLONIES",TOTAL,NOT SPECIFIED,678,
CENSUS,2002,END OF DEC,,STATE,NEW HAMPSHIRE,33,,,,,,,0,,HONEY,"HONEY, BEE COLONIES - INVENTORY, MEASURED IN COLONIES",TOTAL,NOT SPECIFIED,"1,902",
CENSUS,2002,END OF DEC,,STATE,NEW JERSEY,34,,,,,,,0,,HONEY,"HONEY, BEE COLONIES - INVENTORY, MEASURED IN COLONIES",TOTAL,NOT SPECIFIED,"11,527",
CENSUS,2002,END OF DEC,,STATE,NEW MEXICO,35,,,,,,,0,,HONEY,"HONEY, BEE COLONIES - INVENTORY, MEASURED IN COLONIES",TOTAL,NOT SPECIFIED,"10,367",
CENSUS,2002,END OF DEC,,STATE,NEW YORK,36,,,,,,,0,,HONEY,"HONEY, BEE COLONIES - INVENTORY, MEASURED IN COLONIES",TOTAL,NOT SPECIFIED,"45,850",
CENSUS,2002,END OF DEC,,STATE,NORTH CAROLINA,37,,,,,,,0,,HONEY,"HONEY, BEE COLONIES - INVENTORY, MEASURED IN COLONIES",TOTAL,NOT SPECIFIED,"15,478",
CENSUS,2002,END OF DEC,,STATE,NORTH DAKOTA,38,,,,,,,0,,HONEY,"HONEY, BEE COLONIES - INVENTORY, MEASURED IN COLONIES",TOTAL,NOT SPECIFIED,"160,946",
CENSUS,2002,END OF DEC,,STATE,OHIO,39,,,,,,,0,,HONEY,"HONEY, BEE COLONIES - INVENTORY, MEASURED IN COLONIES",TOTAL,NOT SPECIFIED,"24,605",
CENSUS,2002,END OF DEC,,STATE,OKLAHOMA,40,,,,,,,0,,HONEY,"HONEY, BEE COLONIES - INVENTORY, MEASURED IN COLONIES",TOTAL,NOT SPECIFIED,"6,275",
CENSUS,2002,END OF DEC,,STATE,OREGON,41,,,,,,,0,,HONEY,"HONEY, BEE COLONIES - INVENTORY, MEASURED IN COLONIES",TOTAL,NOT SPECIFIED,"47,563",
CENSUS,2002,END OF DEC,,STATE,PENNSYLVANIA,42,,,,,,,0,,HONEY,"HONEY, BEE COLONIES - INVENTORY, MEASURED IN COLONIES",TOTAL,NOT SPECIFIED,"38,481",
CENSUS,2002,END OF DEC,,STATE,RHODE ISLAND,44,,,,,,,0,,HONEY,"HONEY, BEE COLONIES - INVENTORY, MEASURED IN COLONIES",TOTAL,NOT SPECIFIED,520,
CENSUS,2002,END OF DEC,,STATE,SOUTH CAROLINA,45,,,,,,,0,,HONEY,"HONEY, BEE COLONIES - INVENTORY, MEASURED IN COLONIES",TOTAL,NOT SPECIFIED,"4,400",
CENSUS,2002,END OF DEC,,STATE,SOUTH DAKOTA,46,,,,,,,0,,HONEY,"HONEY, BEE COLONIES - INVENTORY, MEASURED IN COLONIES",TOTAL,NOT SPECIFIED,"164,114",
CENSUS,2002,END OF DEC,,STATE,TENNESSEE,47,,,,,,,0,,HONEY,"HONEY, BEE COLONIES - INVENTORY, MEASURED IN COLONIES",TOTAL,NOT SPECIFIED,"12,446",
CENSUS,2002,END OF DEC,,STATE,TEXAS,48,,,,,,,0,,HONEY,"HONEY, BEE COLONIES - INVENTORY, MEASURED IN COLONIES",TOTAL,NOT SPECIFIED,"113,092",
CENSUS,2002,END OF DEC,,STATE,UTAH,49,,,,,,,0,,HONEY,"HONEY, BEE COLONIES - INVENTORY, MEASURED IN COLONIES",TOTAL,NOT SPECIFIED,"18,195",
CENSUS,2002,END OF DEC,,STATE,VERMONT,50,,,,,,,0,,HONEY,"HONEY, BEE COLONIES - INVENTORY, MEASURED IN COLONIES",TOTAL,NOT SPECIFIED,"7,412",
CENSUS,2002,END OF DEC,,STATE,VIRGINIA,51,,,,,,,0,,HONEY,"HONEY, BEE COLONIES - INVENTORY, MEASURED IN COLONIES",TOTAL,NOT SPECIFIED,"12,594",
CENSUS,2002,END OF DEC,,STATE,WASHINGTON,53,,,,,,,0,,HONEY,"HONEY, BEE COLONIES - INVENTORY, MEASURED IN COLONIES",TOTAL,NOT SPECIFIED,"67,909",
CENSUS,2002,END OF DEC,,STATE,WEST VIRGINIA,54,,,,,,,0,,HONEY,"HONEY, BEE COLONIES - INVENTORY, MEASURED IN COLONIES",TOTAL,NOT SPECIFIED,"7,423",
CENSUS,2002,END OF DEC,,STATE,WISCONSIN,55,,,,,,,0,,HONEY,"HONEY, BEE COLONIES - INVENTORY, MEASURED IN COLONIES",TOTAL,NOT SPECIFIED,"59,434",
CENSUS,2002,END OF DEC,,STATE,WYOMING,56,,,,,,,0,,HONEY,"HONEY, BEE COLONIES - INVENTORY, MEASURED IN COLONIES",TOTAL,NOT SPECIFIED,"31,276",
CENSUS,1997,END OF DEC,,STATE,ALABAMA,1,,,,,,,0,,HONEY,"HONEY, BEE COLONIES - INVENTORY, MEASURED IN COLONIES",TOTAL,NOT SPECIFIED,"19,025",
CENSUS,1997,END OF DEC,,STATE,ALASKA,2,,,,,,,0,,HONEY,"HONEY, BEE COLONIES - INVENTORY, MEASURED IN COLONIES",TOTAL,NOT SPECIFIED,149,
CENSUS,1997,END OF DEC,,STATE,ARIZONA,4,,,,,,,0,,HONEY,"HONEY, BEE COLONIES - INVENTORY, MEASURED IN COLONIES",TOTAL,NOT SPECIFIED,"51,458",
CENSUS,1997,END OF DEC,,STATE,ARKANSAS,5,,,,,,,0,,HONEY,"HONEY, BEE COLONIES - INVENTORY, MEASURED IN COLONIES",TOTAL,NOT SPECIFIED,"27,804",
CENSUS,1997,END OF DEC,,STATE,CALIFORNIA,6,,,,,,,0,,HONEY,"HONEY, BEE COLONIES - INVENTORY, MEASURED IN COLONIES",TOTAL,NOT SPECIFIED,"451,739",
CENSUS,1997,END OF DEC,,STATE,COLORADO,8,,,,,,,0,,HONEY,"HONEY, BEE COLONIES - INVENTORY, MEASURED IN COLONIES",TOTAL,NOT SPECIFIED,"25,892",
CENSUS,1997,END OF DEC,,STATE,CONNECTICUT,9,,,,,,,0,,HONEY,"HONEY, BEE COLONIES - INVENTORY, MEASURED IN COLONIES",TOTAL,NOT SPECIFIED,"2,473",
CENSUS,1997,END OF DEC,,STATE,DELAWARE,10,,,,,,,0,,HONEY,"HONEY, BEE COLONIES - INVENTORY, MEASURED IN COLONIES",TOTAL,NOT SPECIFIED,"1,304",
CENSUS,1997,END OF DEC,,STATE,FLORIDA,12,,,,,,,0,,HONEY,"HONEY, BEE COLONIES - INVENTORY, MEASURED IN COLONIES",TOTAL,NOT SPECIFIED,"271,052",
CENSUS,1997,END OF DEC,,STATE,GEORGIA,13,,,,,,,0,,HONEY,"HONEY, BEE COLONIES - INVENTORY, MEASURED IN COLONIES",TOTAL,NOT SPECIFIED,"70,008",
CENSUS,1997,END OF DEC,,STATE,HAWAII,15,,,,,,,0,,HONEY,"HONEY, BEE COLONIES - INVENTORY, MEASURED IN COLONIES",TOTAL,NOT SPECIFIED,"11,831",
CENSUS,1997,END OF DEC,,STATE,IDAHO,16,,,,,,,0,,HONEY,"HONEY, BEE COLONIES - INVENTORY, MEASURED IN COLONIES",TOTAL,NOT SPECIFIED,"120,283",
CENSUS,1997,END OF DEC,,STATE,ILLINOIS,17,,,,,,,0,,HONEY,"HONEY, BEE COLONIES - INVENTORY, MEASURED IN COLONIES",TOTAL,NOT SPECIFIED,"8,249",
CENSUS,1997,END OF DEC,,STATE,INDIANA,18,,,,,,,0,,HONEY,"HONEY, BEE COLONIES - INVENTORY, MEASURED IN COLONIES",TOTAL,NOT SPECIFIED,"10,150",
CENSUS,1997,END OF DEC,,STATE,IOWA,19,,,,,,,0,,HONEY,"HONEY, BEE COLONIES - INVENTORY, MEASURED IN COLONIES",TOTAL,NOT SPECIFIED,"38,322",
CENSUS,1997,END OF DEC,,STATE,KANSAS,20,,,,,,,0,,HONEY,"HONEY, BEE COLONIES - INVENTORY, MEASURED IN COLONIES",TOTAL,NOT SPECIFIED,"26,862",
CENSUS,1997,END OF DEC,,STATE,KENTUCKY,21,,,,,,,0,,HONEY,"HONEY, BEE COLONIES - INVENTORY, MEASURED IN COLONIES",TOTAL,NOT SPECIFIED,"4,401",
CENSUS,1997,END OF DEC,,STATE,LOUISIANA,22,,,,,,,0,,HONEY,"HONEY, BEE COLONIES - INVENTORY, MEASURED IN COLONIES",TOTAL,NOT SPECIFIED,"31,464",
CENSUS,1997,END OF DEC,,STATE,MAINE,23,,,,,,,0,,HONEY,"HONEY, BEE COLONIES - INVENTORY, MEASURED IN COLONIES",TOTAL,NOT SPECIFIED,"6,144",
CENSUS,1997,END OF DEC,,STATE,MARYLAND,24,,,,,,,0,,HONEY,"HONEY, BEE COLONIES - INVENTORY, MEASURED IN COLONIES",TOTAL,NOT SPECIFIED,"5,454",
CENSUS,1997,END OF DEC,,STATE,MASSACHUSETTS,25,,,,,,,0,,HONEY,"HONEY, BEE COLONIES - INVENTORY, MEASURED IN COLONIES",TOTAL,NOT SPECIFIED,"7,267",
CENSUS,1997,END OF DEC,,STATE,MICHIGAN,26,,,,,,,0,,HONEY,"HONEY, BEE COLONIES - INVENTORY, MEASURED IN COLONIES",TOTAL,NOT SPECIFIED,"78,331",
CENSUS,1997,END OF DEC,,STATE,MINNESOTA,27,,,,,,,0,,HONEY,"HONEY, BEE COLONIES - INVENTORY, MEASURED IN COLONIES",TOTAL,NOT SPECIFIED,"134,857",
CENSUS,1997,END OF DEC,,STATE,MISSISSIPPI,28,,,,,,,0,,HONEY,"HONEY, BEE COLONIES - INVENTORY, MEASURED IN COLONIES",TOTAL,NOT SPECIFIED,"21,807",
CENSUS,1997,END OF DEC,,STATE,MISSOURI,29,,,,,,,0,,HONEY,"HONEY, BEE COLONIES - INVENTORY, MEASURED IN COLONIES",TOTAL,NOT SPECIFIED,"19,847",
CENSUS,1997,END OF DEC,,STATE,MONTANA,30,,,,,,,0,,HONEY,"HONEY, BEE COLONIES - INVENTORY, MEASURED IN COLONIES",TOTAL,NOT SPECIFIED,"96,368",
CENSUS,1997,END OF DEC,,STATE,NEBRASKA,31,,,,,,,0,,HONEY,"HONEY, BEE COLONIES - INVENTORY, MEASURED IN COLONIES",TOTAL,NOT SPECIFIED,"49,509",
CENSUS,1997,END OF DEC,,STATE,NEVADA,32,,,,,,,0,,HONEY,"HONEY, BEE COLONIES - INVENTORY, MEASURED IN COLONIES",TOTAL,NOT SPECIFIED,"1,519",
CENSUS,1997,END OF DEC,,STATE,NEW HAMPSHIRE,33,,,,,,,0,,HONEY,"HONEY, BEE COLONIES - INVENTORY, MEASURED IN COLONIES",TOTAL,NOT SPECIFIED,"2,136",
CENSUS,1997,END OF DEC,,STATE,NEW JERSEY,34,,,,,,,0,,HONEY,"HONEY, BEE COLONIES - INVENTORY, MEASURED IN COLONIES",TOTAL,NOT SPECIFIED,"11,982",
CENSUS,1997,END OF DEC,,STATE,NEW MEXICO,35,,,,,,,0,,HONEY,"HONEY, BEE COLONIES - INVENTORY, MEASURED IN COLONIES",TOTAL,NOT SPECIFIED,"12,546",
CENSUS,1997,END OF DEC,,STATE,NEW YORK,36,,,,,,,0,,HONEY,"HONEY, BEE COLONIES - INVENTORY, MEASURED IN COLONIES",TOTAL,NOT SPECIFIED,"57,840",
CENSUS,1997,END OF DEC,,STATE,NORTH CAROLINA,37,,,,,,,0,,HONEY,"HONEY, BEE COLONIES - INVENTORY, MEASURED IN COLONIES",TOTAL,NOT SPECIFIED,"11,949",
CENSUS,1997,END OF DEC,,STATE,NORTH DAKOTA,38,,,,,,,0,,HONEY,"HONEY, BEE COLONIES - INVENTORY, MEASURED IN COLONIES",TOTAL,NOT SPECIFIED,"126,520",
CENSUS,1997,END OF DEC,,STATE,OHIO,39,,,,,,,0,,HONEY,"HONEY, BEE COLONIES - INVENTORY, MEASURED IN COLONIES",TOTAL,NOT SPECIFIED,"25,176",
CENSUS,1997,END OF DEC,,STATE,OKLAHOMA,40,,,,,,,0,,HONEY,"HONEY, BEE COLONIES - INVENTORY, MEASURED IN COLONIES",TOTAL,NOT SPECIFIED,"4,897",
CENSUS,1997,END OF DEC,,STATE,OREGON,41,,,,,,,0,,HONEY,"HONEY, BEE COLONIES - INVENTORY, MEASURED IN COLONIES",TOTAL,NOT SPECIFIED,"53,953",
CENSUS,1997,END OF DEC,,STATE,PENNSYLVANIA,42,,,,,,,0,,HONEY,"HONEY, BEE COLONIES - INVENTORY, MEASURED IN COLONIES",TOTAL,NOT SPECIFIED,"28,758",
CENSUS,1997,END OF DEC,,STATE,RHODE ISLAND,44,,,,,,,0,,HONEY,"HONEY, BEE COLONIES - INVENTORY, MEASURED IN COLONIES",TOTAL,NOT SPECIFIED,303,
CENSUS,1997,END OF DEC,,STATE,SOUTH CAROLINA,45,,,,,,,0,,HONEY,"HONEY, BEE COLONIES - INVENTORY, MEASURED IN COLONIES",TOTAL,NOT SPECIFIED,"8,621",
CENSUS,1997,END OF DEC,,STATE,SOUTH DAKOTA,46,,,,,,,0,,HONEY,"HONEY, BEE COLONIES - INVENTORY, MEASURED IN COLONIES",TOTAL,NOT SPECIFIED,"219,901",
CENSUS,1997,END OF DEC,,STATE,TENNESSEE,47,,,,,,,0,,HONEY,"HONEY, BEE COLONIES - INVENTORY, MEASURED IN COLONIES",TOTAL,NOT SPECIFIED,"11,794",
CENSUS,1997,END OF DEC,,STATE,TEXAS,48,,,,,,,0,,HONEY,"HONEY, BEE COLONIES - INVENTORY, MEASURED IN COLONIES",TOTAL,NOT SPECIFIED,"111,413",
CENSUS,1997,END OF DEC,,STATE,UTAH,49,,,,,,,0,,HONEY,"HONEY, BEE COLONIES - INVENTORY, MEASURED IN COLONIES",TOTAL,NOT SPECIFIED,"32,504",
CENSUS,1997,END OF DEC,,STATE,VERMONT,50,,,,,,,0,,HONEY,"HONEY, BEE COLONIES - INVENTORY, MEASURED IN COLONIES",TOTAL,NOT SPECIFIED,"5,365",
CENSUS,1997,END OF DEC,,STATE,VIRGINIA,51,,,,,,,0,,HONEY,"HONEY, BEE COLONIES - INVENTORY, MEASURED IN COLONIES",TOTAL,NOT SPECIFIED,"10,841",
CENSUS,1997,END OF DEC,,STATE,WASHINGTON,53,,,,,,,0,,HONEY,"HONEY, BEE COLONIES - INVENTORY, MEASURED IN COLONIES",TOTAL,NOT SPECIFIED,"80,201",
CENSUS,1997,END OF DEC,,STATE,WEST VIRGINIA,54,,,,,,,0,,HONEY,"HONEY, BEE COLONIES - INVENTORY, MEASURED IN COLONIES",TOTAL,NOT SPECIFIED,"6,231",
CENSUS,1997,END OF DEC,,STATE,WISCONSIN,55,,,,,,,0,,HONEY,"HONEY, BEE COLONIES - INVENTORY, MEASURED IN COLONIES",TOTAL,NOT SPECIFIED,"69,893",
CENSUS,1997,END OF DEC,,STATE,WYOMING,56,,,,,,,0,,HONEY,"HONEY, BEE COLONIES - INVENTORY, MEASURED IN COLONIES",TOTAL,NOT SPECIFIED,"32,569",
